{
  "lightgbm": {
    "accuracy": 0.8076650106458482,
    "precision": 0.6807017543859649,
    "recall": 0.5187165775401069,
    "f1": 0.5887708649468892
  },
  "deep_nn": {
    "accuracy": 0.7977288857345636,
    "precision": 0.6440129449838188,
    "recall": 0.5320855614973262,
    "f1": 0.582723279648609
  },
  "stack": {
    "accuracy": 0.8076650106458482,
    "precision": 0.6782006920415224,
    "recall": 0.5240641711229946,
    "f1": 0.5912518853695324
  },
  "jupyter_mlp": {
    "accuracy": 0.7466288147622427,
    "precision": 0.5196304849884527,
    "recall": 0.6016042780748663,
    "f1": 0.5576208178438662
  }
}